date,type,id
2014-08-31 19:25:43,Activity,186839412
2014-09-08 20:03:44,Activity,191770249
2014-09-08 20:04:26,Activity,190518019
2014-09-08 20:04:31,Activity,190565841
2014-09-08 20:04:41,Activity,190564109
2016-04-09 21:26:30,Activity,526906636
2016-04-15 06:03:01,Activity,545606791
2016-04-15 06:03:29,Activity,544057823
2018-01-20 08:33:45,Activity,1364153116
2018-04-14 21:58:10,Activity,1505731995
2018-04-20 15:08:42,Activity,1519760967
2018-04-22 13:49:58,Activity,1523796068
2018-04-25 22:49:09,Activity,1530850108
2018-05-09 17:43:27,Activity,1556964304
